category,repo_or_local_path,modified,size_bytes,role,source_of_truth,note
Downloaded reference,local-downloads://2023_NUT 10V Calculations Videos_student version.docx,2025-10-22 06:03,45659,"Reference document, API guide, or prior comparison",Local Downloads folder,Keep as reference; do not assume it is the live source
Downloaded reference,local-downloads://aPaper- Data Sparsity - Sparse Data Problem in ML.pdf,2026-06-18 03:01,871050,"Reference document, API guide, or prior comparison",Local Downloads folder,Keep as reference; do not assume it is the live source
Downloaded reference,local-downloads://Article_+Understanding+the+Role+of+Nature+and+Nurture+in+Shaping+Personality+(6).pdf,2024-08-23 15:27,83379,"Reference document, API guide, or prior comparison",Local Downloads folder,Keep as reference; do not assume it is the live source
Downloaded reference,local-downloads://DE Modeling 1 Practice.pdf,2026-02-02 05:18,102504,"Reference document, API guide, or prior comparison",Local Downloads folder,Keep as reference; do not assume it is the live source
Downloaded reference,local-downloads://DE Modeling 1 Solutions.pdf,2026-02-03 02:26,7362720,"Reference document, API guide, or prior comparison",Local Downloads folder,Keep as reference; do not assume it is the live source
Downloaded reference,local-downloads://DE Modeling 2 Solutions.pdf,2026-02-03 02:26,5868918,"Reference document, API guide, or prior comparison",Local Downloads folder,Keep as reference; do not assume it is the live source
Downloaded reference,local-downloads://F'25 NUT 10V_ASA24 Usernames_And_Passwords_student version.pdf,2025-10-14 00:23,288002,"Reference document, API guide, or prior comparison",Local Downloads folder,Keep as reference; do not assume it is the live source
Downloaded reference,local-downloads://final paper-interest .docx,2026-06-01 13:48,14560,"Reference document, API guide, or prior comparison",Local Downloads folder,Keep as reference; do not assume it is the live source
Downloaded reference,local-downloads://final paper.docx,2026-06-01 13:36,14523,"Reference document, API guide, or prior comparison",Local Downloads folder,Keep as reference; do not assume it is the live source
Downloaded reference,local-downloads://Final static version.docx,2026-04-18 12:03,12935,"Reference document, API guide, or prior comparison",Local Downloads folder,Keep as reference; do not assume it is the live source
Downloaded reference,local-downloads://General Interest research paper(rough draft).pdf,2026-05-27 12:26,68862,"Reference document, API guide, or prior comparison",Local Downloads folder,Keep as reference; do not assume it is the live source
Downloaded reference,local-downloads://market_data_api_guide (1).pdf,2026-07-02 02:26,156381,"Reference document, API guide, or prior comparison",Local Downloads folder,Keep as reference; do not assume it is the live source
Downloaded reference,local-downloads://market_data_api_guide.pdf,2026-07-02 02:26,156381,"Reference document, API guide, or prior comparison",Local Downloads folder,Keep as reference; do not assume it is the live source
Downloaded reference,local-downloads://Policies On Chemical Fiber Industry Version 2.docx,2025-07-22 15:57,10688,"Reference document, API guide, or prior comparison",Local Downloads folder,Keep as reference; do not assume it is the live source
Downloaded reference,local-downloads://RiskDesk_AI_Model_Upgrade_2Map.docx,2026-06-30 02:47,65737,"Reference document, API guide, or prior comparison",Local Downloads folder,Keep as reference; do not assume it is the live source
Downloaded reference,local-downloads://RiskDesk_Global500_Impact_V35_V4.docx,2026-07-15 04:29,67810,"Reference document, API guide, or prior comparison",Local Downloads folder,Keep as reference; do not assume it is the live source
Downloaded reference,local-downloads://RiskDesk_Stage1_Baseline_Working_Paper_with_Backtest_Figures.docx,2026-06-26 04:52,392502,"Reference document, API guide, or prior comparison",Local Downloads folder,Keep as reference; do not assume it is the live source
Downloaded reference,local-downloads://RiskDesk_V4_vs_V35_Strategy_Factor_Comparison_for_Paper.docx,2026-07-15 04:28,68228,"Reference document, API guide, or prior comparison",Local Downloads folder,Keep as reference; do not assume it is the live source
Downloaded reference,local-downloads://rough draftpaper 1 arvin.docx,2026-04-11 09:05,11577,"Reference document, API guide, or prior comparison",Local Downloads folder,Keep as reference; do not assume it is the live source
Downloaded reference,local-downloads://Strategy version1.docx,2026-06-25 02:33,69799,"Reference document, API guide, or prior comparison",Local Downloads folder,Keep as reference; do not assume it is the live source
Downloaded reference,local-downloads://strategy2.docx,2026-06-25 05:31,55223,"Reference document, API guide, or prior comparison",Local Downloads folder,Keep as reference; do not assume it is the live source
Downloaded reference,local-downloads://upgrade 3.5 vs 3 strategy changes.docx,2026-07-01 00:41,75175,"Reference document, API guide, or prior comparison",Local Downloads folder,Keep as reference; do not assume it is the live source
Downloaded reference,local-downloads://version.docx,2025-07-25 22:22,10492,"Reference document, API guide, or prior comparison",Local Downloads folder,Keep as reference; do not assume it is the live source
Downloaded reference,local-downloads://week 1paper.docx,2025-06-29 23:34,15857,"Reference document, API guide, or prior comparison",Local Downloads folder,Keep as reference; do not assume it is the live source
Downloaded reference,local-downloads://week 4 paper.docx,2025-07-20 17:33,9756,"Reference document, API guide, or prior comparison",Local Downloads folder,Keep as reference; do not assume it is the live source
Downloaded reference,local-downloads://week3 paper.docx,2025-07-12 21:39,9758,"Reference document, API guide, or prior comparison",Local Downloads folder,Keep as reference; do not assume it is the live source
GitHub repository,.gitignore,2026-06-23 06:19,57,Repository configuration or supporting asset,GitHub source of truth,repo path: .gitignore
GitHub repository,assets/strategy-comparison.svg,2026-06-25 00:54,10338,Repository configuration or supporting asset,GitHub source of truth,repo path: assets/strategy-comparison.svg
GitHub repository,data/all-strategy-backtests.json,2026-07-03 01:04,9724620,Dataset or backtest output,GitHub source of truth,repo path: data/all-strategy-backtests.json
GitHub repository,data/global-500-universe.json,2026-07-15 03:21,92803,Dataset or backtest output,GitHub source of truth,repo path: data/global-500-universe.json
GitHub repository,data/public-market-snapshot.json,2026-07-23 20:54,211308,Dataset or backtest output,GitHub source of truth,repo path: data/public-market-snapshot.json
GitHub repository,data/v1-backtest.json,2026-06-22 06:38,83263,Dataset or backtest output,GitHub source of truth,repo path: data/v1-backtest.json
GitHub repository,data/v123-training-results.json,2026-07-03 01:04,97815,Dataset or backtest output,GitHub source of truth,repo path: data/v123-training-results.json
GitHub repository,data/v4-historical-backtests.json,2026-07-24 22:21,1752918,Dataset or backtest output,GitHub source of truth,repo path: data/v4-historical-backtests.json
GitHub repository,DEPLOY_VERSION.txt,2026-07-03 02:07,274,Repository configuration or supporting asset,GitHub source of truth,repo path: DEPLOY_VERSION.txt
GitHub repository,index.html,2026-08-17 16:16,2977531,Dashboard frontend,GitHub source of truth,repo path: index.html
GitHub repository,netlify.toml,2026-08-14 11:28,1283,Repository configuration or supporting asset,GitHub source of truth,repo path: netlify.toml
GitHub repository,netlify/functions/_automation-core.js,2026-08-17 09:16,18972,Backend function / API route,GitHub source of truth,repo path: netlify/functions/_automation-core.js
GitHub repository,netlify/functions/_riskdesk-common.js,2026-08-12 09:51,6322,Backend function / API route,GitHub source of truth,repo path: netlify/functions/_riskdesk-common.js
GitHub repository,netlify/functions/_v45-ledger.js,2026-08-17 09:16,4979,Backend function / API route,GitHub source of truth,repo path: netlify/functions/_v45-ledger.js
GitHub repository,netlify/functions/automation-status.js,2026-08-17 15:29,556,Backend function / API route,GitHub source of truth,repo path: netlify/functions/automation-status.js
GitHub repository,netlify/functions/backtest.js,2026-07-14 07:20,1998,Backend function / API route,GitHub source of truth,repo path: netlify/functions/backtest.js
GitHub repository,netlify/functions/eodhd-history.js,2026-07-22 11:56,2687,Backend function / API route,GitHub source of truth,repo path: netlify/functions/eodhd-history.js
GitHub repository,netlify/functions/ledger.js,2026-08-17 16:15,6094,Backend function / API route,GitHub source of truth,repo path: netlify/functions/ledger.js
GitHub repository,netlify/functions/quotes.js,2026-07-07 01:46,1067,Backend function / API route,GitHub source of truth,repo path: netlify/functions/quotes.js
GitHub repository,netlify/functions/research-signals.js,2026-08-17 15:28,7987,Backend function / API route,GitHub source of truth,repo path: netlify/functions/research-signals.js
GitHub repository,netlify/functions/run-weekly-automation.js,2026-08-17 15:28,769,Backend function / API route,GitHub source of truth,repo path: netlify/functions/run-weekly-automation.js
GitHub repository,netlify/functions/stocks.js,2026-07-07 01:46,1273,Backend function / API route,GitHub source of truth,repo path: netlify/functions/stocks.js
GitHub repository,netlify/functions/universe.js,2026-07-07 01:46,679,Backend function / API route,GitHub source of truth,repo path: netlify/functions/universe.js
GitHub repository,netlify/functions/v45-auto-ledger.js,2026-08-17 15:28,497,Backend function / API route,GitHub source of truth,repo path: netlify/functions/v45-auto-ledger.js
GitHub repository,netlify/functions/weekly-signal-automation.js,2026-08-17 15:28,648,Backend function / API route,GitHub source of truth,repo path: netlify/functions/weekly-signal-automation.js
GitHub repository,outputs/data/all-strategy-backtests.json,2026-07-24 22:21,2343528,Dataset or backtest output,GitHub source of truth,repo path: outputs/data/all-strategy-backtests.json
GitHub repository,outputs/data/public-market-snapshot.json,2026-07-23 20:54,211308,Dataset or backtest output,GitHub source of truth,repo path: outputs/data/public-market-snapshot.json
GitHub repository,outputs/index.html,2026-07-08 01:51,9712438,Dashboard frontend,GitHub source of truth,repo path: outputs/index.html
GitHub repository,outputs/realtime-deploy-notes.md,2026-07-07 07:14,1593,Repository configuration or supporting asset,GitHub source of truth,repo path: outputs/realtime-deploy-notes.md
GitHub repository,outputs/riskdesk-quotes-worker.js,2026-07-07 07:14,2941,Repository configuration or supporting asset,GitHub source of truth,repo path: outputs/riskdesk-quotes-worker.js
GitHub repository,outputs/strategy-desk-realtime-package.zip,2026-07-07 07:14,4514643,Repository configuration or supporting asset,GitHub source of truth,repo path: outputs/strategy-desk-realtime-package.zip
GitHub repository,outputs/strategy-desk-realtime.html,2026-07-08 01:51,9712438,Repository configuration or supporting asset,GitHub source of truth,repo path: outputs/strategy-desk-realtime.html
GitHub repository,outputs/update-d-drive-original.ps1,2026-07-07 07:14,849,Repository configuration or supporting asset,GitHub source of truth,repo path: outputs/update-d-drive-original.ps1
GitHub repository,package.json,2026-07-07 07:17,230,Repository configuration or supporting asset,GitHub source of truth,repo path: package.json
GitHub repository,pnpm-lock.yaml,2026-07-11 01:01,1578,Repository configuration or supporting asset,GitHub source of truth,repo path: pnpm-lock.yaml
GitHub repository,README.md,2026-07-03 01:04,1959,Repository configuration or supporting asset,GitHub source of truth,repo path: README.md
GitHub repository,riskdesk-server.js,2026-07-07 07:14,11698,Repository configuration or supporting asset,GitHub source of truth,repo path: riskdesk-server.js
GitHub repository,riskdesk.html,2026-08-04 17:54,2931481,Dashboard frontend,GitHub source of truth,repo path: riskdesk.html
GitHub repository,scripts/build-all-strategy-backtests.mjs,2026-07-15 03:45,39680,Research or build script,GitHub source of truth,repo path: scripts/build-all-strategy-backtests.mjs
GitHub repository,scripts/build-global-500-universe.mjs,2026-07-15 03:20,13866,Research or build script,GitHub source of truth,repo path: scripts/build-global-500-universe.mjs
GitHub repository,scripts/build-public-market-snapshot.mjs,2026-07-15 02:58,7806,Research or build script,GitHub source of truth,repo path: scripts/build-public-market-snapshot.mjs
GitHub repository,scripts/build-v1-backtest.mjs,2026-06-22 06:37,8295,Research or build script,GitHub source of truth,repo path: scripts/build-v1-backtest.mjs
GitHub repository,scripts/build-v123-training-results.mjs,2026-06-30 05:44,15815,Research or build script,GitHub source of truth,repo path: scripts/build-v123-training-results.mjs
GitHub repository,scripts/build-v4-global-backtests.mjs,2026-07-15 04:07,11855,Research or build script,GitHub source of truth,repo path: scripts/build-v4-global-backtests.mjs
GitHub repository,scripts/fetch-eodhd-snapshot.mjs,2026-07-23 21:59,8901,Research or build script,GitHub source of truth,repo path: scripts/fetch-eodhd-snapshot.mjs
GitHub repository,scripts/validate-riskdesk.mjs,2026-06-26 01:42,2246,Research or build script,GitHub source of truth,repo path: scripts/validate-riskdesk.mjs
GitHub repository,start-riskdesk-realtime.ps1,2026-07-07 07:14,374,Repository configuration or supporting asset,GitHub source of truth,repo path: start-riskdesk-realtime.ps1
Historical research workspace,local-research://github-release/assets/strategy-comparison.svg,2026-06-25 00:54,10338,"Research evidence, paper material, or experiment artifact",Local research workspace,workspace root: github-release
Historical research workspace,local-research://github-release/data/all-strategy-backtests.json,2026-07-03 01:04,9724620,"Research evidence, paper material, or experiment artifact",Local research workspace,workspace root: github-release
Historical research workspace,local-research://github-release/data/v1-backtest.json,2026-06-22 06:38,83263,"Research evidence, paper material, or experiment artifact",Local research workspace,workspace root: github-release
Historical research workspace,local-research://github-release/data/v123-training-results.json,2026-07-03 01:04,97815,"Research evidence, paper material, or experiment artifact",Local research workspace,workspace root: github-release
Historical research workspace,local-research://github-release/netlify/functions/ledger.js,2026-07-03 00:48,1796,"Research evidence, paper material, or experiment artifact",Local research workspace,workspace root: github-release
Historical research workspace,local-research://github-release/README.md,2026-07-03 01:04,1959,"Research evidence, paper material, or experiment artifact",Local research workspace,workspace root: github-release
Historical research workspace,local-research://github-release/riskdesk.html,2026-07-03 01:04,9700377,"Research evidence, paper material, or experiment artifact",Local research workspace,workspace root: github-release
Historical research workspace,local-research://github-release/scripts/build-all-strategy-backtests.mjs,2026-07-03 01:02,38891,"Research evidence, paper material, or experiment artifact",Local research workspace,workspace root: github-release
Historical research workspace,local-research://github-release/scripts/build-v1-backtest.mjs,2026-06-22 06:37,8295,"Research evidence, paper material, or experiment artifact",Local research workspace,workspace root: github-release
Historical research workspace,local-research://github-release/scripts/build-v123-training-results.mjs,2026-06-30 05:44,15815,"Research evidence, paper material, or experiment artifact",Local research workspace,workspace root: github-release
Historical research workspace,local-research://github-release/scripts/validate-riskdesk.mjs,2026-06-26 01:42,2246,"Research evidence, paper material, or experiment artifact",Local research workspace,workspace root: github-release
Historical research workspace,local-research://outputs/assets/strategy-comparison.svg,2026-06-25 00:54,10338,"Research evidence, paper material, or experiment artifact",Local research workspace,workspace root: outputs
Historical research workspace,local-research://outputs/data/all-strategy-backtests.json,2026-07-03 01:04,9724620,"Research evidence, paper material, or experiment artifact",Local research workspace,workspace root: outputs
Historical research workspace,local-research://outputs/data/v1-backtest.json,2026-06-22 06:38,83263,"Research evidence, paper material, or experiment artifact",Local research workspace,workspace root: outputs
Historical research workspace,local-research://outputs/data/v123-training-results.json,2026-07-03 01:04,97815,"Research evidence, paper material, or experiment artifact",Local research workspace,workspace root: outputs
Historical research workspace,local-research://outputs/equity-strategy-workstation.html,2026-06-18 10:11,44176,"Research evidence, paper material, or experiment artifact",Local research workspace,workspace root: outputs
Historical research workspace,local-research://outputs/RiskDesk-auto-weekly-live-release-20260703.zip,2026-07-03 01:27,7112185,"Research evidence, paper material, or experiment artifact",Local research workspace,workspace root: outputs
Historical research workspace,local-research://outputs/riskdesk-cn.html,2026-06-19 03:08,130065,"Research evidence, paper material, or experiment artifact",Local research workspace,workspace root: outputs
Historical research workspace,local-research://outputs/RiskDesk-GitHub-all15-risk-sync.zip,2026-06-26 01:51,4770331,"Research evidence, paper material, or experiment artifact",Local research workspace,workspace root: outputs
Historical research workspace,local-research://outputs/RiskDesk-GitHub-backtest-score-parameter-order.zip,2026-06-26 02:14,4770317,"Research evidence, paper material, or experiment artifact",Local research workspace,workspace root: outputs
Historical research workspace,local-research://outputs/RiskDesk-GitHub-clean-research-layout.zip,2026-06-26 01:42,4772043,"Research evidence, paper material, or experiment artifact",Local research workspace,workspace root: outputs
Historical research workspace,local-research://outputs/RiskDesk-GitHub-free-live.zip,2026-06-26 00:34,4771352,"Research evidence, paper material, or experiment artifact",Local research workspace,workspace root: outputs
Historical research workspace,local-research://outputs/RiskDesk-GitHub-live-api.zip,2026-06-26 00:31,4769976,"Research evidence, paper material, or experiment artifact",Local research workspace,workspace root: outputs
Historical research workspace,local-research://outputs/RiskDesk-GitHub-selected-flow-clean.zip,2026-06-26 01:58,4770385,"Research evidence, paper material, or experiment artifact",Local research workspace,workspace root: outputs
Historical research workspace,local-research://outputs/RiskDesk-GitHub-selected-portfolios.zip,2026-06-26 01:33,4771570,"Research evidence, paper material, or experiment artifact",Local research workspace,workspace root: outputs
Historical research workspace,local-research://outputs/RiskDesk-GitHub-stock-universe-clean.zip,2026-06-27 00:16,4735231,"Research evidence, paper material, or experiment artifact",Local research workspace,workspace root: outputs
Historical research workspace,local-research://outputs/RiskDesk-GitHub.zip,2026-06-23 06:20,1115494,"Research evidence, paper material, or experiment artifact",Local research workspace,workspace root: outputs
Historical research workspace,local-research://outputs/RiskDesk-live-netlify-release-20260702.zip,2026-07-02 07:37,4766214,"Research evidence, paper material, or experiment artifact",Local research workspace,workspace root: outputs
Historical research workspace,local-research://outputs/RiskDesk-updated-backtests-20260630.zip,2026-07-03 02:03,6276933,"Research evidence, paper material, or experiment artifact",Local research workspace,workspace root: outputs
Historical research workspace,local-research://outputs/RiskDesk-Version-3-5-JPMorgan-AI.zip,2026-06-30 10:30,4751700,"Research evidence, paper material, or experiment artifact",Local research workspace,workspace root: outputs
Historical research workspace,local-research://outputs/riskdesk.html,2026-07-03 01:04,9700377,"Research evidence, paper material, or experiment artifact",Local research workspace,workspace root: outputs
Historical research workspace,local-research://paper/build_strategy_google_doc.py,2026-06-25 02:25,13176,"Research evidence, paper material, or experiment artifact",Local research workspace,workspace root: paper
Historical research workspace,local-research://paper/figures_paper/fig1_growth_top_models.png,2026-06-26 04:29,75528,"Research evidence, paper material, or experiment artifact",Local research workspace,workspace root: paper
Historical research workspace,local-research://paper/RiskDesk_15_Model_Strategy_Upgrade_GoogleDocs.docx,2026-06-25 05:29,41660,"Research evidence, paper material, or experiment artifact",Local research workspace,workspace root: paper
Historical research workspace,local-research://paper/RiskDesk_15_Model_Strategy_Upgrade_GoogleDocs_sanitized.docx,2026-06-25 05:29,41653,"Research evidence, paper material, or experiment artifact",Local research workspace,workspace root: paper
Historical research workspace,local-research://paper/RiskDesk_15_Strategy_JPMorgan_AI_Chinese_Explanation.docx,2026-06-30 02:05,45402,"Research evidence, paper material, or experiment artifact",Local research workspace,workspace root: paper
Historical research workspace,local-research://paper/RiskDesk_AI_Model_Upgrade_Map.docx,2026-06-27 02:11,42469,"Research evidence, paper material, or experiment artifact",Local research workspace,workspace root: paper
Historical research workspace,local-research://paper/RiskDesk_Applied_Math_Working_Paper.docx,2026-06-26 04:27,46404,"Research evidence, paper material, or experiment artifact",Local research workspace,workspace root: paper
Historical research workspace,local-research://paper/RiskDesk_Applied_Math_Working_Paper_with_Backtest_Figures.docx,2026-06-26 04:31,337763,"Research evidence, paper material, or experiment artifact",Local research workspace,workspace root: paper
Historical research workspace,local-research://paper/RiskDesk_Applied_Math_Working_Paper_with_Backtest_Figures_sanitized.docx,2026-06-26 04:31,337756,"Research evidence, paper material, or experiment artifact",Local research workspace,workspace root: paper
Historical research workspace,local-research://paper/RiskDesk_CN_FIXED_20260630.docx,2026-06-30 02:05,45402,"Research evidence, paper material, or experiment artifact",Local research workspace,workspace root: paper
Historical research workspace,local-research://paper/RiskDesk_CN_FIXED_20260630.html,2026-06-30 02:05,35684,"Research evidence, paper material, or experiment artifact",Local research workspace,workspace root: paper
Historical research workspace,local-research://paper/RiskDesk_Master_Research_Index.docx,2026-06-26 05:09,39065,"Research evidence, paper material, or experiment artifact",Local research workspace,workspace root: paper
Historical research workspace,local-research://paper/RiskDesk_Master_Research_Index_sanitized.docx,2026-06-26 05:09,39058,"Research evidence, paper material, or experiment artifact",Local research workspace,workspace root: paper
Historical research workspace,local-research://paper/RiskDesk_Model_Update_Log_GoogleDoc.docx,2026-06-26 04:38,39619,"Research evidence, paper material, or experiment artifact",Local research workspace,workspace root: paper
Historical research workspace,local-research://paper/RiskDesk_Model_Update_Log_GoogleDoc_sanitized.docx,2026-06-26 04:38,39612,"Research evidence, paper material, or experiment artifact",Local research workspace,workspace root: paper
Historical research workspace,local-research://paper/RiskDesk_Stage0_Strategy_Upgrade_Documentation.docx,2026-06-25 05:31,55223,"Research evidence, paper material, or experiment artifact",Local research workspace,workspace root: paper
Historical research workspace,local-research://paper/RiskDesk_Stage1_Baseline_Working_Paper_with_Backtest_Figures.docx,2026-06-26 04:31,337756,"Research evidence, paper material, or experiment artifact",Local research workspace,workspace root: paper
Historical research workspace,local-research://paper/RiskDesk_Strategy_Parameter_Glossary_CN_EN_20260630.docx,2026-06-30 02:09,50057,"Research evidence, paper material, or experiment artifact",Local research workspace,workspace root: paper
Historical research workspace,local-research://paper/RiskDesk_Strategy_Parameter_Glossary_CN_EN_20260630.html,2026-06-30 02:09,130031,"Research evidence, paper material, or experiment artifact",Local research workspace,workspace root: paper
Historical research workspace,local-research://paper/RiskDesk_Strategy_Research_Documentation.docx,2026-06-25 02:25,43865,"Research evidence, paper material, or experiment artifact",Local research workspace,workspace root: paper
Historical research workspace,local-research://paper/RiskDesk_Strategy_Research_Documentation_GoogleDocs.docx,2026-06-25 02:25,43858,"Research evidence, paper material, or experiment artifact",Local research workspace,workspace root: paper
Historical research workspace,local-research://paper/strategy_doc_source.json,2026-06-25 02:24,21146,"Research evidence, paper material, or experiment artifact",Local research workspace,workspace root: paper
Historical research workspace,local-research://paper/strategy_research_log.md,2026-06-30 10:29,16089,"Research evidence, paper material, or experiment artifact",Local research workspace,workspace root: paper
Historical research workspace,local-research://paper/strategy_upgrade_log_15_models.md,2026-06-25 04:40,7375,"Research evidence, paper material, or experiment artifact",Local research workspace,workspace root: paper
Historical research workspace,local-research://paper/upgrade 3.5 vs 3 bilingual explanation.docx,2026-07-01 00:09,39945,"Research evidence, paper material, or experiment artifact",Local research workspace,workspace root: paper
Historical research workspace,local-research://paper/upgrade 3.5 vs 3 comparison charts.docx,2026-07-01 00:09,1359065,"Research evidence, paper material, or experiment artifact",Local research workspace,workspace root: paper
Historical research workspace,local-research://paper/upgrade 3.5 vs 3 comparison charts.html,2026-07-01 00:09,3410,"Research evidence, paper material, or experiment artifact",Local research workspace,workspace root: paper
Historical research workspace,local-research://paper/upgrade 3.5 vs 3 strategy changes.docx,2026-07-01 00:09,39015,"Research evidence, paper material, or experiment artifact",Local research workspace,workspace root: paper
Historical research workspace,local-research://paper/upgrade 3vs 2.docx,2026-06-30 04:08,1565238,"Research evidence, paper material, or experiment artifact",Local research workspace,workspace root: paper
Historical research workspace,local-research://paper/upgrade 3vs 2.html,2026-06-30 04:08,5196,"Research evidence, paper material, or experiment artifact",Local research workspace,workspace root: paper
Historical research workspace,local-research://paper/upgrade_35vs3_figures/01_V1_Momentum_Vol_Research_Model.png,2026-07-01 00:09,89824,"Research evidence, paper material, or experiment artifact",Local research workspace,workspace root: paper
Historical research workspace,local-research://paper/upgrade_35vs3_figures/02_V2_HMM_GARCH_MVO.png,2026-07-01 00:09,88466,"Research evidence, paper material, or experiment artifact",Local research workspace,workspace root: paper
Historical research workspace,local-research://paper/upgrade_35vs3_figures/03_V3_Boosted_Trees_Attribution.png,2026-07-01 00:09,94396,"Research evidence, paper material, or experiment artifact",Local research workspace,workspace root: paper
Historical research workspace,local-research://paper/upgrade_35vs3_scoreboard_change.csv,2026-07-01 00:09,3438,"Research evidence, paper material, or experiment artifact",Local research workspace,workspace root: paper
Historical research workspace,local-research://paper/upgrade_3vs2_figures/01_V1_Momentum_Vol_Research_Model.png,2026-06-30 04:08,102431,"Research evidence, paper material, or experiment artifact",Local research workspace,workspace root: paper
Historical research workspace,local-research://paper/upgrade_3vs2_figures/02_V2_HMM_GARCH_MVO.png,2026-06-30 04:08,105100,"Research evidence, paper material, or experiment artifact",Local research workspace,workspace root: paper
Historical research workspace,local-research://paper/upgrade_3vs2_figures/03_V3_Boosted_Trees_Attribution.png,2026-06-30 04:08,104186,"Research evidence, paper material, or experiment artifact",Local research workspace,workspace root: paper
Historical research workspace,local-research://paper/upgrade_3vs2_scoreboard_change.csv,2026-06-30 04:08,5603,"Research evidence, paper material, or experiment artifact",Local research workspace,workspace root: paper
Historical research workspace,local-research://paper/working_paper_outline.md,2026-06-24 02:05,1946,"Research evidence, paper material, or experiment artifact",Local research workspace,workspace root: paper
Historical research workspace,local-research://research/01_data_exploration.ipynb,2026-06-24 02:06,2623,"Research evidence, paper material, or experiment artifact",Local research workspace,workspace root: research
Historical research workspace,local-research://research/02_v1_momentum.ipynb,2026-06-24 02:50,157843,"Research evidence, paper material, or experiment artifact",Local research workspace,workspace root: research
Historical research workspace,local-research://research/03_v2_garch_hmm_mvo.ipynb,2026-06-24 02:58,198721,"Research evidence, paper material, or experiment artifact",Local research workspace,workspace root: research
Historical research workspace,local-research://research/04_v3_machine_learning.ipynb,2026-06-24 02:58,194433,"Research evidence, paper material, or experiment artifact",Local research workspace,workspace root: research
Historical research workspace,local-research://research/05_model_comparison.ipynb,2026-06-24 02:06,2440,"Research evidence, paper material, or experiment artifact",Local research workspace,workspace root: research
Historical research workspace,local-research://research/README.md,2026-06-24 02:05,608,"Research evidence, paper material, or experiment artifact",Local research workspace,workspace root: research
Historical research workspace,local-research://results/experiment_log.csv,2026-06-30 03:06,17183,"Research evidence, paper material, or experiment artifact",Local research workspace,workspace root: results
Historical research workspace,local-research://results/figures/V1/v1_top3_vol10_lev2-0.png,2026-06-24 02:50,210083,"Research evidence, paper material, or experiment artifact",Local research workspace,workspace root: results
Historical research workspace,local-research://results/figures/v1_top3_vol10_lev2-0.png,2026-06-24 03:27,210083,"Research evidence, paper material, or experiment artifact",Local research workspace,workspace root: results
Historical research workspace,local-research://results/figures/v1_top3_vol20_lev2-0.png,2026-06-24 03:28,209298,"Research evidence, paper material, or experiment artifact",Local research workspace,workspace root: results
Historical research workspace,local-research://results/figures/v1_top3_vol25_lev2-0.png,2026-06-24 03:29,193105,"Research evidence, paper material, or experiment artifact",Local research workspace,workspace root: results
Historical research workspace,local-research://results/figures/v1_top3_vol30_lev2-0.png,2026-06-24 03:29,188739,"Research evidence, paper material, or experiment artifact",Local research workspace,workspace root: results
Historical research workspace,local-research://results/figures/v1_top3_vol30_lev2-5.png,2026-06-24 03:29,183218,"Research evidence, paper material, or experiment artifact",Local research workspace,workspace root: results
Historical research workspace,local-research://results/figures/v1_top3_vol30_lev3-5.png,2026-06-24 03:30,172676,"Research evidence, paper material, or experiment artifact",Local research workspace,workspace root: results
Historical research workspace,local-research://results/figures/v1_top4_vol10_lev2-0.png,2026-06-24 03:28,214828,"Research evidence, paper material, or experiment artifact",Local research workspace,workspace root: results
Historical research workspace,local-research://results/figures/v1_top5_vol10_lev2-0.png,2026-06-24 03:28,212236,"Research evidence, paper material, or experiment artifact",Local research workspace,workspace root: results
Historical research workspace,local-research://results/figures/V3/v3_estimators40_lr0-05_top5.png,2026-06-24 02:51,259606,"Research evidence, paper material, or experiment artifact",Local research workspace,workspace root: results
Historical research workspace,local-research://results/strategy_change_log.csv,2026-06-30 10:29,1708,"Research evidence, paper material, or experiment artifact",Local research workspace,workspace root: results
Historical research workspace,local-research://results/v2_existing_image_summary.csv,2026-06-24 03:20,2337,"Research evidence, paper material, or experiment artifact",Local research workspace,workspace root: results
Historical research workspace,local-research://scripts/build-all-strategy-backtests.mjs,2026-07-03 01:02,38891,"Research evidence, paper material, or experiment artifact",Local research workspace,workspace root: scripts
Historical research workspace,local-research://scripts/build-v1-backtest.mjs,2026-06-22 06:37,8295,"Research evidence, paper material, or experiment artifact",Local research workspace,workspace root: scripts
Historical research workspace,local-research://scripts/build-v123-training-results.mjs,2026-06-30 05:44,15815,"Research evidence, paper material, or experiment artifact",Local research workspace,workspace root: scripts
Historical research workspace,local-research://scripts/build_chinese_jpm_doc.py,2026-06-30 01:42,19873,"Research evidence, paper material, or experiment artifact",Local research workspace,workspace root: scripts
Historical research workspace,local-research://scripts/build_strategy_parameter_glossary_cn_en.py,2026-06-30 02:09,25031,"Research evidence, paper material, or experiment artifact",Local research workspace,workspace root: scripts
Historical research workspace,local-research://scripts/build_upgrade_35vs3_documents.py,2026-07-01 00:09,25056,"Research evidence, paper material, or experiment artifact",Local research workspace,workspace root: scripts
Historical research workspace,local-research://scripts/build_upgrade_3vs2_report.py,2026-06-30 04:08,23584,"Research evidence, paper material, or experiment artifact",Local research workspace,workspace root: scripts
Historical research workspace,local-research://scripts/create_strategy_upgrade_doc.py,2026-06-25 05:28,14829,"Research evidence, paper material, or experiment artifact",Local research workspace,workspace root: scripts
Historical research workspace,local-research://scripts/launch-riskdesk.mjs,2026-06-22 07:26,415,"Research evidence, paper material, or experiment artifact",Local research workspace,workspace root: scripts
Historical research workspace,local-research://scripts/serve-riskdesk.mjs,2026-06-22 07:12,1051,"Research evidence, paper material, or experiment artifact",Local research workspace,workspace root: scripts
Historical research workspace,local-research://scripts/validate-riskdesk.mjs,2026-06-26 01:42,2246,"Research evidence, paper material, or experiment artifact",Local research workspace,workspace root: scripts
Historical staging archive,local-api://direct-deploy-stage-20260805-090436,2026-08-05 09:04,14915152,Historical deployment or repair snapshot,Archive only; do not use as current source,"9 files; retained for audit, not for handover duplication"
Historical staging archive,local-api://direct-function-stage-20260805-090436,2026-08-05 09:04,26664400,Historical deployment or repair snapshot,Archive only; do not use as current source,"36 files; retained for audit, not for handover duplication"
Historical staging archive,local-api://direct-function-stage-fixed-20260805-090557,2026-08-05 09:06,26664400,Historical deployment or repair snapshot,Archive only; do not use as current source,"36 files; retained for audit, not for handover duplication"
Historical staging archive,local-api://direct-function-stage-fixed2-20260805-090630,2026-08-05 09:06,27824550,Historical deployment or repair snapshot,Archive only; do not use as current source,"166 files; retained for audit, not for handover duplication"
Historical staging archive,local-api://factor-attribution-fix-stage-1785898075896,2026-08-05 10:47,2947765,Historical deployment or repair snapshot,Archive only; do not use as current source,"2 files; retained for audit, not for handover duplication"
Historical staging archive,local-api://netlify-deploy-stage-20260804-175950,2026-08-04 17:59,14948220,Historical deployment or repair snapshot,Archive only; do not use as current source,"22 files; retained for audit, not for handover duplication"
Historical staging archive,local-api://signal-fix-stage-20260805-095402,2026-08-05 09:54,14915426,Historical deployment or repair snapshot,Archive only; do not use as current source,"9 files; retained for audit, not for handover duplication"
Historical staging archive,local-api://signal-ledger-fallback-stage-20260805-100327,2026-08-05 10:03,14917451,Historical deployment or repair snapshot,Archive only; do not use as current source,"9 files; retained for audit, not for handover duplication"
Historical staging archive,local-api://signal-meta-fix-stage-20260805-101808,2026-08-05 10:18,14918455,Historical deployment or repair snapshot,Archive only; do not use as current source,"9 files; retained for audit, not for handover duplication"
Historical staging archive,local-api://work,2026-07-31 14:21,66493856,Historical deployment or repair snapshot,Archive only; do not use as current source,"62 files; retained for audit, not for handover duplication"
Local deployment archive,local-api://outputs/global-500-universe.json,2026-07-15 02:41,90984,"Generated website, deployment note, or packaged artifact",Local API work area,Generated copy; GitHub repository is the canonical code source
Local deployment archive,local-api://outputs/RiskDesk_EODHD_Long_History_Upgrade_Record.docx,2026-07-26 12:26,41157,"Generated website, deployment note, or packaged artifact",Local API work area,Generated copy; GitHub repository is the canonical code source
Local deployment archive,local-api://outputs/RiskDesk_Global500_Impact_V35_V4.docx,2026-07-15 04:27,42289,"Generated website, deployment note, or packaged artifact",Local API work area,Generated copy; GitHub repository is the canonical code source
Local deployment archive,local-api://outputs/RiskDesk_Strategy_Backtest_Paper_Record_GoogleDocs.docx,2026-07-08 03:12,42382,"Generated website, deployment note, or packaged artifact",Local API work area,Generated copy; GitHub repository is the canonical code source
Local deployment archive,local-api://outputs/RiskDesk_V4_vs_V35_All_15_Strategy_Record.docx,2026-07-14 07:17,38921,"Generated website, deployment note, or packaged artifact",Local API work area,Generated copy; GitHub repository is the canonical code source
Local deployment archive,local-api://outputs/RiskDesk_V4_vs_V35_Strategy_Factor_Comparison_for_Paper.docx,2026-07-14 07:37,43030,"Generated website, deployment note, or packaged artifact",Local API work area,Generated copy; GitHub repository is the canonical code source
Local experiment archive,local-api://2026-08-04-existing-ledger-hit-rate.json,2026-08-04 16:19,19688,"Experiment result, recovered ledger, script, or generated document",Local API work area,Top-level artifact; inspect before sharing
Local experiment archive,local-api://2026-08-04-existing-ledger-hit-rate.md,2026-08-04 16:19,5426,"Experiment result, recovered ledger, script, or generated document",Local API work area,Top-level artifact; inspect before sharing
Local experiment archive,local-api://2026-08-04-proposed-v5-replay-existing-ledger.json,2026-08-04 16:24,671331,"Experiment result, recovered ledger, script, or generated document",Local API work area,Top-level artifact; inspect before sharing
Local experiment archive,local-api://2026-08-04-proposed-v5-replay-existing-ledger.md,2026-08-04 16:24,1717,"Experiment result, recovered ledger, script, or generated document",Local API work area,Top-level artifact; inspect before sharing
Local experiment archive,local-api://2026-08-04-v5c-public-replay-existing-ledger.json,2026-08-04 17:12,671384,"Experiment result, recovered ledger, script, or generated document",Local API work area,Top-level artifact; inspect before sharing
Local experiment archive,local-api://2026-08-04-v5c-public-replay-existing-ledger.md,2026-08-04 17:12,1717,"Experiment result, recovered ledger, script, or generated document",Local API work area,Top-level artifact; inspect before sharing
Local experiment archive,local-api://2026-08-10-s8-v5-replay-online-current-ledger.json,2026-08-10 09:30,2203,"Experiment result, recovered ledger, script, or generated document",Local API work area,Top-level artifact; inspect before sharing
Local experiment archive,local-api://2026-08-10-s8-v5-replay-online-current-ledger.md,2026-08-10 09:30,885,"Experiment result, recovered ledger, script, or generated document",Local API work area,Top-level artifact; inspect before sharing
Local experiment archive,local-api://2026-08-10-v5-all-strategy-small-sample.json,2026-08-10 09:18,26716,"Experiment result, recovered ledger, script, or generated document",Local API work area,Top-level artifact; inspect before sharing
Local experiment archive,local-api://2026-08-10-v5-all-strategy-small-sample.md,2026-08-10 09:18,7767,"Experiment result, recovered ledger, script, or generated document",Local API work area,Top-level artifact; inspect before sharing
Local experiment archive,local-api://2026-08-10-v5-other-overlay-th055.json,2026-08-10 14:40,25288,"Experiment result, recovered ledger, script, or generated document",Local API work area,Top-level artifact; inspect before sharing
Local experiment archive,local-api://2026-08-10-v5-other-overlay-th055.md,2026-08-10 14:40,7336,"Experiment result, recovered ledger, script, or generated document",Local API work area,Top-level artifact; inspect before sharing
Local experiment archive,local-api://2026-08-10-v5-other-overlay-th065.json,2026-08-10 14:40,25277,"Experiment result, recovered ledger, script, or generated document",Local API work area,Top-level artifact; inspect before sharing
Local experiment archive,local-api://2026-08-10-v5-other-overlay-th065.md,2026-08-10 14:40,7332,"Experiment result, recovered ledger, script, or generated document",Local API work area,Top-level artifact; inspect before sharing
Local experiment archive,local-api://2026-08-10-v5-other-overlay-th075.json,2026-08-10 14:40,23513,"Experiment result, recovered ledger, script, or generated document",Local API work area,Top-level artifact; inspect before sharing
Local experiment archive,local-api://2026-08-10-v5-other-overlay-th075.md,2026-08-10 14:40,6836,"Experiment result, recovered ledger, script, or generated document",Local API work area,Top-level artifact; inspect before sharing
Local experiment archive,local-api://2026-08-10-v5-other-strategies-350-round2.json,2026-08-10 09:27,25226,"Experiment result, recovered ledger, script, or generated document",Local API work area,Top-level artifact; inspect before sharing
Local experiment archive,local-api://2026-08-10-v5-other-strategies-350-round2.md,2026-08-10 09:27,7307,"Experiment result, recovered ledger, script, or generated document",Local API work area,Top-level artifact; inspect before sharing
Local experiment archive,local-api://2026-08-10-v5-other-strategies-iter1-predaware.json,2026-08-10 09:34,25287,"Experiment result, recovered ledger, script, or generated document",Local API work area,Top-level artifact; inspect before sharing
Local experiment archive,local-api://2026-08-10-v5-other-strategies-iter1-predaware.md,2026-08-10 09:34,7335,"Experiment result, recovered ledger, script, or generated document",Local API work area,Top-level artifact; inspect before sharing
Local experiment archive,local-api://2026-08-10-v5-other-strategies-iter2-accuracyweighted.json,2026-08-10 09:36,25287,"Experiment result, recovered ledger, script, or generated document",Local API work area,Top-level artifact; inspect before sharing
Local experiment archive,local-api://2026-08-10-v5-other-strategies-iter2-accuracyweighted.md,2026-08-10 09:36,7335,"Experiment result, recovered ledger, script, or generated document",Local API work area,Top-level artifact; inspect before sharing
Local experiment archive,local-api://2026-08-10-v5-other-strategies-iter3-relaxedturnover.json,2026-08-10 09:37,25299,"Experiment result, recovered ledger, script, or generated document",Local API work area,Top-level artifact; inspect before sharing
Local experiment archive,local-api://2026-08-10-v5-other-strategies-iter3-relaxedturnover.md,2026-08-10 09:37,7358,"Experiment result, recovered ledger, script, or generated document",Local API work area,Top-level artifact; inspect before sharing
Local experiment archive,local-api://2026-08-10-v5-s8-500-full-conservative.json,2026-08-10 09:25,2251,"Experiment result, recovered ledger, script, or generated document",Local API work area,Top-level artifact; inspect before sharing
Local experiment archive,local-api://2026-08-10-v5-s8-500-full-conservative.md,2026-08-10 09:25,881,"Experiment result, recovered ledger, script, or generated document",Local API work area,Top-level artifact; inspect before sharing
Local experiment archive,local-api://2026-08-10-v5-s8-s11-s12-350-conservative.json,2026-08-10 09:21,5839,"Experiment result, recovered ledger, script, or generated document",Local API work area,Top-level artifact; inspect before sharing
Local experiment archive,local-api://2026-08-10-v5-s8-s11-s12-350-conservative.md,2026-08-10 09:21,1895,"Experiment result, recovered ledger, script, or generated document",Local API work area,Top-level artifact; inspect before sharing
Local experiment archive,local-api://2026-08-10-v5-s8-s11-s12-350-sample.json,2026-08-10 09:20,5826,"Experiment result, recovered ledger, script, or generated document",Local API work area,Top-level artifact; inspect before sharing
Local experiment archive,local-api://2026-08-10-v5-s8-s11-s12-350-sample.md,2026-08-10 09:20,1890,"Experiment result, recovered ledger, script, or generated document",Local API work area,Top-level artifact; inspect before sharing
Local experiment archive,local-api://2026-08-10-v5c-small-sample-replay-existing-ledger.json,2026-08-10 09:12,671384,"Experiment result, recovered ledger, script, or generated document",Local API work area,Top-level artifact; inspect before sharing
Local experiment archive,local-api://2026-08-10-v5c-small-sample-replay-existing-ledger.md,2026-08-10 09:12,1717,"Experiment result, recovered ledger, script, or generated document",Local API work area,Top-level artifact; inspect before sharing
Local experiment archive,local-api://2026-08-11-genai-research-all-strategies-summary.json,2026-08-11 10:31,25482,"Experiment result, recovered ledger, script, or generated document",Local API work area,Top-level artifact; inspect before sharing
Local experiment archive,local-api://2026-08-11-genai-research-all-strategies-summary.md,2026-08-11 10:31,1541,"Experiment result, recovered ledger, script, or generated document",Local API work area,Top-level artifact; inspect before sharing
Local experiment archive,local-api://2026-08-11-genai-research-s12-pilot.json,2026-08-11 10:27,2141,"Experiment result, recovered ledger, script, or generated document",Local API work area,Top-level artifact; inspect before sharing
Local experiment archive,local-api://2026-08-11-genai-research-s12-pilot.md,2026-08-11 10:27,821,"Experiment result, recovered ledger, script, or generated document",Local API work area,Top-level artifact; inspect before sharing
Local experiment archive,local-api://2026-08-11-genai-research-s3-pilot.json,2026-08-11 10:27,2134,"Experiment result, recovered ledger, script, or generated document",Local API work area,Top-level artifact; inspect before sharing
Local experiment archive,local-api://2026-08-11-genai-research-s3-pilot.md,2026-08-11 10:27,813,"Experiment result, recovered ledger, script, or generated document",Local API work area,Top-level artifact; inspect before sharing
Local experiment archive,local-api://2026-08-11-genai-research-s8-pilot.json,2026-08-11 10:26,2142,"Experiment result, recovered ledger, script, or generated document",Local API work area,Top-level artifact; inspect before sharing
Local experiment archive,local-api://2026-08-11-genai-research-s8-pilot.md,2026-08-11 10:26,814,"Experiment result, recovered ledger, script, or generated document",Local API work area,Top-level artifact; inspect before sharing
Local experiment archive,local-api://2026-08-11-genai-research-v2-pilot.json,2026-08-11 10:27,2123,"Experiment result, recovered ledger, script, or generated document",Local API work area,Top-level artifact; inspect before sharing
Local experiment archive,local-api://2026-08-11-genai-research-v2-pilot.md,2026-08-11 10:27,802,"Experiment result, recovered ledger, script, or generated document",Local API work area,Top-level artifact; inspect before sharing
Local experiment archive,local-api://analyze-live-ledger.ps1,2026-07-19 21:38,2146,"Experiment result, recovered ledger, script, or generated document",Local API work area,Top-level artifact; inspect before sharing
Local experiment archive,local-api://analyze_existing_prediction_ledger.mjs,2026-08-04 16:18,8520,"Experiment result, recovered ledger, script, or generated document",Local API work area,Top-level artifact; inspect before sharing
Local experiment archive,local-api://build_handover_package.py,2026-08-18 11:26,35030,"Experiment result, recovered ledger, script, or generated document",Local API work area,Top-level artifact; inspect before sharing
Local experiment archive,local-api://build_paper_record_doc.py,2026-07-08 02:58,12894,"Experiment result, recovered ledger, script, or generated document",Local API work area,Top-level artifact; inspect before sharing
Local experiment archive,local-api://build_research_phase_doc.py,2026-08-04 09:27,17766,"Experiment result, recovered ledger, script, or generated document",Local API work area,Top-level artifact; inspect before sharing
Local experiment archive,local-api://build_riskdesk_upgrade_doc.py,2026-07-26 12:26,12740,"Experiment result, recovered ledger, script, or generated document",Local API work area,Top-level artifact; inspect before sharing
Local experiment archive,local-api://build_strategy_backtest_paper_doc.py,2026-07-08 03:12,12791,"Experiment result, recovered ledger, script, or generated document",Local API work area,Top-level artifact; inspect before sharing
Local experiment archive,local-api://check-eodhd-and-panels.ps1,2026-07-22 18:27,1311,"Experiment result, recovered ledger, script, or generated document",Local API work area,Top-level artifact; inspect before sharing
Local experiment archive,local-api://check-ledger-days.ps1,2026-07-21 08:52,2699,"Experiment result, recovered ledger, script, or generated document",Local API work area,Top-level artifact; inspect before sharing
Local experiment archive,local-api://check-live-automation-status.ps1,2026-07-27 09:05,182,"Experiment result, recovered ledger, script, or generated document",Local API work area,Top-level artifact; inspect before sharing
Local experiment archive,local-api://check-live-deployed-eodhd.ps1,2026-07-26 10:31,462,"Experiment result, recovered ledger, script, or generated document",Local API work area,Top-level artifact; inspect before sharing
Local experiment archive,local-api://check-live-eodhd-status.ps1,2026-07-22 20:38,589,"Experiment result, recovered ledger, script, or generated document",Local API work area,Top-level artifact; inspect before sharing
Local experiment archive,local-api://check-live-riskdesk-status.ps1,2026-07-19 21:11,1588,"Experiment result, recovered ledger, script, or generated document",Local API work area,Top-level artifact; inspect before sharing
Local experiment archive,local-api://check-upgrade-deploy.ps1,2026-07-22 12:40,1040,"Experiment result, recovered ledger, script, or generated document",Local API work area,Top-level artifact; inspect before sharing
Local experiment archive,local-api://check_2026_07_20_ledger_counts.mjs,2026-08-04 17:35,1277,"Experiment result, recovered ledger, script, or generated document",Local API work area,Top-level artifact; inspect before sharing
Local experiment archive,local-api://confidence-check-result.json,2026-08-03 16:26,7366,"Experiment result, recovered ledger, script, or generated document",Local API work area,Top-level artifact; inspect before sharing
Local experiment archive,local-api://embed-riskdesk-data.mjs,2026-07-24 19:21,2280,"Experiment result, recovered ledger, script, or generated document",Local API work area,Top-level artifact; inspect before sharing
Local experiment archive,local-api://eodhd-history.js,2026-07-22 11:56,2687,"Experiment result, recovered ledger, script, or generated document",Local API work area,Top-level artifact; inspect before sharing
Local experiment archive,local-api://genai_research_signal_pilot.mjs,2026-08-11 10:25,7036,"Experiment result, recovered ledger, script, or generated document",Local API work area,Top-level artifact; inspect before sharing
Local experiment archive,local-api://inspect-embedded-riskdesk.mjs,2026-07-24 19:16,1513,"Experiment result, recovered ledger, script, or generated document",Local API work area,Top-level artifact; inspect before sharing
Local experiment archive,local-api://inspect_backtests.py,2026-07-08 03:11,1037,"Experiment result, recovered ledger, script, or generated document",Local API work area,Top-level artifact; inspect before sharing
Local experiment archive,local-api://ledger-coverage-from-2026-07-10.json,2026-08-04 17:29,18521,"Experiment result, recovered ledger, script, or generated document",Local API work area,Top-level artifact; inspect before sharing
Local experiment archive,local-api://ledger-coverage-from-2026-07-10.md,2026-08-04 17:29,4802,"Experiment result, recovered ledger, script, or generated document",Local API work area,Top-level artifact; inspect before sharing
Local experiment archive,local-api://ledger-raw.json,2026-08-03 16:25,1343488,"Experiment result, recovered ledger, script, or generated document",Local API work area,Top-level artifact; inspect before sharing
Local experiment archive,local-api://online-automation-status-node-1785835687007.json,2026-08-04 17:28,1579,"Experiment result, recovered ledger, script, or generated document",Local API work area,Top-level artifact; inspect before sharing
Local experiment archive,local-api://online-ledger-before-v45-fix.json,2026-08-14 11:32,1510242,"Experiment result, recovered ledger, script, or generated document",Local API work area,Top-level artifact; inspect before sharing
Local experiment archive,local-api://online-ledger-current-2026-08-10.json,2026-08-10 09:30,4625868,"Experiment result, recovered ledger, script, or generated document",Local API work area,Top-level artifact; inspect before sharing
Local experiment archive,local-api://online-ledger-node-1785835685893.json,2026-08-04 17:28,1400727,"Experiment result, recovered ledger, script, or generated document",Local API work area,Top-level artifact; inspect before sharing
Local experiment archive,local-api://package.json,2026-07-07 07:17,230,"Experiment result, recovered ledger, script, or generated document",Local API work area,Top-level artifact; inspect before sharing
Local experiment archive,local-api://recover_all_prediction_records.mjs,2026-08-04 17:37,7715,"Experiment result, recovered ledger, script, or generated document",Local API work area,Top-level artifact; inspect before sharing
Local experiment archive,local-api://recovered-real-prediction-ledger-summary.md,2026-08-04 17:38,5064,"Experiment result, recovered ledger, script, or generated document",Local API work area,Top-level artifact; inspect before sharing
Local experiment archive,local-api://recovered-real-prediction-ledger.json,2026-08-04 17:38,2649054,"Experiment result, recovered ledger, script, or generated document",Local API work area,Top-level artifact; inspect before sharing
Local experiment archive,local-api://replay_proposed_v5_on_existing_ledger.mjs,2026-08-04 17:08,13013,"Experiment result, recovered ledger, script, or generated document",Local API work area,Top-level artifact; inspect before sharing
Local experiment archive,local-api://riskdesk-server.js,2026-07-07 01:42,11369,"Experiment result, recovered ledger, script, or generated document",Local API work area,Top-level artifact; inspect before sharing
Local experiment archive,local-api://RiskDesk_System_Evolution_and_V5_Roadmap.docx,2026-08-04 09:27,41828,"Experiment result, recovered ledger, script, or generated document",Local API work area,Top-level artifact; inspect before sharing
Local experiment archive,local-api://scripts-fetch-eodhd-snapshot.mjs,2026-07-23 21:59,8901,"Experiment result, recovered ledger, script, or generated document",Local API work area,Top-level artifact; inspect before sharing
Local experiment archive,local-api://set-netlify-eodhd-env.ps1,2026-07-27 09:13,1601,"Experiment result, recovered ledger, script, or generated document",Local API work area,Top-level artifact; inspect before sharing
Local experiment archive,local-api://slim-riskdesk-backtest-files.mjs,2026-07-24 22:20,1078,"Experiment result, recovered ledger, script, or generated document",Local API work area,Top-level artifact; inspect before sharing
Local experiment archive,local-api://small-sample-ml-forecast-benchmark-2026-08-05.json,2026-08-05 09:30,55711,"Experiment result, recovered ledger, script, or generated document",Local API work area,Top-level artifact; inspect before sharing
Local experiment archive,local-api://small-sample-ml-forecast-benchmark-2026-08-05.md,2026-08-05 09:30,2251,"Experiment result, recovered ledger, script, or generated document",Local API work area,Top-level artifact; inspect before sharing
Local experiment archive,local-api://small-sample-ml-forecast-benchmark.mjs,2026-08-05 09:28,10810,"Experiment result, recovered ledger, script, or generated document",Local API work area,Top-level artifact; inspect before sharing
Local experiment archive,local-api://start-riskdesk-realtime.ps1,2026-07-07 01:42,364,"Experiment result, recovered ledger, script, or generated document",Local API work area,Top-level artifact; inspect before sharing
Local experiment archive,local-api://strategy-desk-full-holdings-deploy-20260804-175950.zip,2026-08-04 17:59,2200627,"Experiment result, recovered ledger, script, or generated document",Local API work area,Top-level artifact; inspect before sharing
Local experiment archive,local-api://summarize_ledger_from_2026_07_10.mjs,2026-08-04 17:28,4729,"Experiment result, recovered ledger, script, or generated document",Local API work area,Top-level artifact; inspect before sharing
Local experiment archive,local-api://test-eodhd-api.ps1,2026-07-22 22:02,475,"Experiment result, recovered ledger, script, or generated document",Local API work area,Top-level artifact; inspect before sharing
Local experiment archive,local-api://train_v5_confidence_pilot.mjs,2026-08-04 10:33,15290,"Experiment result, recovered ledger, script, or generated document",Local API work area,Top-level artifact; inspect before sharing
Local experiment archive,local-api://train_v5_factor_parameters.mjs,2026-08-04 17:08,25803,"Experiment result, recovered ledger, script, or generated document",Local API work area,Top-level artifact; inspect before sharing
Local experiment archive,local-api://upgrade-research-feedback-ui.mjs,2026-07-22 11:53,23982,"Experiment result, recovered ledger, script, or generated document",Local API work area,Top-level artifact; inspect before sharing
Local experiment archive,local-api://v5-confidence-backtest-pilot.json,2026-08-03 16:32,12274,"Experiment result, recovered ledger, script, or generated document",Local API work area,Top-level artifact; inspect before sharing
Local experiment archive,local-api://v5-confidence-backtest-pilot.mjs,2026-08-03 16:32,9402,"Experiment result, recovered ledger, script, or generated document",Local API work area,Top-level artifact; inspect before sharing
Local experiment archive,local-api://v5-confidence-training-pilot-2026-08-04.json,2026-08-04 10:11,71529,"Experiment result, recovered ledger, script, or generated document",Local API work area,Top-level artifact; inspect before sharing
Local experiment archive,local-api://v5-confidence-training-pilot-2026-08-04.md,2026-08-04 10:11,2359,"Experiment result, recovered ledger, script, or generated document",Local API work area,Top-level artifact; inspect before sharing
Local experiment archive,local-api://v5-factor-parameter-training-2026-08-04-180-five-strategies.json,2026-08-04 11:03,14547,"Experiment result, recovered ledger, script, or generated document",Local API work area,Top-level artifact; inspect before sharing
Local experiment archive,local-api://v5-factor-parameter-training-2026-08-04-180-five-strategies.md,2026-08-04 11:03,3381,"Experiment result, recovered ledger, script, or generated document",Local API work area,Top-level artifact; inspect before sharing
Local experiment archive,local-api://v5-factor-parameter-training-2026-08-04-proposed-v5-180-five-strategies.json,2026-08-04 16:10,14613,"Experiment result, recovered ledger, script, or generated document",Local API work area,Top-level artifact; inspect before sharing
Local experiment archive,local-api://v5-factor-parameter-training-2026-08-04-proposed-v5-180-five-strategies.md,2026-08-04 16:10,3393,"Experiment result, recovered ledger, script, or generated document",Local API work area,Top-level artifact; inspect before sharing
Local experiment archive,local-api://v5-factor-parameter-training-2026-08-04-s5-full-balanced.json,2026-08-04 11:08,3870,"Experiment result, recovered ledger, script, or generated document",Local API work area,Top-level artifact; inspect before sharing
Local experiment archive,local-api://v5-factor-parameter-training-2026-08-04-s5-full-balanced.md,2026-08-04 11:08,1475,"Experiment result, recovered ledger, script, or generated document",Local API work area,Top-level artifact; inspect before sharing
Local experiment archive,local-api://v5-factor-parameter-training-2026-08-04-s5-full.json,2026-08-04 10:59,3841,"Experiment result, recovered ledger, script, or generated document",Local API work area,Top-level artifact; inspect before sharing
Local experiment archive,local-api://v5-factor-parameter-training-2026-08-04-s5-full.md,2026-08-04 10:59,1475,"Experiment result, recovered ledger, script, or generated document",Local API work area,Top-level artifact; inspect before sharing
Local experiment archive,local-api://v5-factor-parameter-training-2026-08-04-v5c-public-180-all-proposed.json,2026-08-04 17:11,14642,"Experiment result, recovered ledger, script, or generated document",Local API work area,Top-level artifact; inspect before sharing
Local experiment archive,local-api://v5-factor-parameter-training-2026-08-04-v5c-public-180-all-proposed.md,2026-08-04 17:11,3383,"Experiment result, recovered ledger, script, or generated document",Local API work area,Top-level artifact; inspect before sharing
Local experiment archive,local-api://v5-factor-parameter-training-2026-08-04.json,2026-08-04 10:57,3850,"Experiment result, recovered ledger, script, or generated document",Local API work area,Top-level artifact; inspect before sharing
Local experiment archive,local-api://v5-factor-parameter-training-2026-08-04.md,2026-08-04 10:57,1474,"Experiment result, recovered ledger, script, or generated document",Local API work area,Top-level artifact; inspect before sharing
Local experiment archive,local-api://v5-factor-parameter-training-2026-08-10-small-sample-180-five-strategies.json,2026-08-10 09:12,14642,"Experiment result, recovered ledger, script, or generated document",Local API work area,Top-level artifact; inspect before sharing
Local experiment archive,local-api://v5-factor-parameter-training-2026-08-10-small-sample-180-five-strategies.md,2026-08-10 09:12,3383,"Experiment result, recovered ledger, script, or generated document",Local API work area,Top-level artifact; inspect before sharing
Local experiment archive,local-api://v5_all_strategy_small_sample.mjs,2026-08-10 14:38,28923,"Experiment result, recovered ledger, script, or generated document",Local API work area,Top-level artifact; inspect before sharing
